frame,timestamp_s,phase_idx,phase
0,0.26666666666666666,1,Diagnostic Arthroscopy
1,0.8,1,Diagnostic Arthroscopy
2,1.3333333333333333,1,Diagnostic Arthroscopy
3,1.8666666666666667,1,Diagnostic Arthroscopy
4,2.4,1,Diagnostic Arthroscopy
5,2.933333333333333,1,Diagnostic Arthroscopy
6,3.466666666666667,1,Diagnostic Arthroscopy
7,4.0,1,Diagnostic Arthroscopy
8,4.533333333333333,1,Diagnostic Arthroscopy
9,5.066666666666666,1,Diagnostic Arthroscopy
10,5.6,1,Diagnostic Arthroscopy
11,6.133333333333333,1,Diagnostic Arthroscopy
12,6.666666666666667,1,Diagnostic Arthroscopy
13,7.2,1,Diagnostic Arthroscopy
14,7.733333333333333,1,Diagnostic Arthroscopy
15,8.266666666666667,1,Diagnostic Arthroscopy
16,8.8,1,Diagnostic Arthroscopy
17,9.333333333333334,1,Diagnostic Arthroscopy
18,9.866666666666667,1,Diagnostic Arthroscopy
19,10.4,1,Diagnostic Arthroscopy
20,10.933333333333334,1,Diagnostic Arthroscopy
21,11.466666666666667,1,Diagnostic Arthroscopy
22,12.0,1,Diagnostic Arthroscopy
23,12.533333333333333,1,Diagnostic Arthroscopy
24,13.066666666666668,1,Diagnostic Arthroscopy
25,13.600000000000001,1,Diagnostic Arthroscopy
26,14.133333333333335,1,Diagnostic Arthroscopy
27,14.666666666666668,1,Diagnostic Arthroscopy
28,15.200000000000001,1,Diagnostic Arthroscopy
29,15.733333333333334,1,Diagnostic Arthroscopy
30,16.266666666666666,1,Diagnostic Arthroscopy
31,16.799999999999997,1,Diagnostic Arthroscopy
32,17.333333333333332,1,Diagnostic Arthroscopy
33,17.866666666666667,1,Diagnostic Arthroscopy
34,18.4,1,Diagnostic Arthroscopy
35,18.933333333333334,1,Diagnostic Arthroscopy
36,19.466666666666665,1,Diagnostic Arthroscopy
37,20.0,1,Diagnostic Arthroscopy
38,20.53333333333333,1,Diagnostic Arthroscopy
39,21.066666666666666,1,Diagnostic Arthroscopy
40,21.599999999999998,1,Diagnostic Arthroscopy
41,22.133333333333333,1,Diagnostic Arthroscopy
42,22.666666666666664,1,Diagnostic Arthroscopy
43,23.2,1,Diagnostic Arthroscopy
44,23.73333333333333,1,Diagnostic Arthroscopy
45,24.266666666666666,1,Diagnostic Arthroscopy
46,24.799999999999997,1,Diagnostic Arthroscopy
47,25.333333333333332,1,Diagnostic Arthroscopy
48,25.866666666666667,1,Diagnostic Arthroscopy
49,26.4,1,Diagnostic Arthroscopy
50,26.933333333333334,1,Diagnostic Arthroscopy
51,27.466666666666665,1,Diagnostic Arthroscopy
52,28.0,1,Diagnostic Arthroscopy
53,28.53333333333333,1,Diagnostic Arthroscopy
54,29.066666666666666,1,Diagnostic Arthroscopy
55,29.599999999999998,1,Diagnostic Arthroscopy
56,30.133333333333333,1,Diagnostic Arthroscopy
57,30.666666666666664,1,Diagnostic Arthroscopy
58,31.2,1,Diagnostic Arthroscopy
59,31.73333333333333,1,Diagnostic Arthroscopy
60,32.266666666666666,1,Diagnostic Arthroscopy
61,32.8,1,Diagnostic Arthroscopy
62,33.33333333333333,1,Diagnostic Arthroscopy
63,33.86666666666667,1,Diagnostic Arthroscopy
64,34.4,1,Diagnostic Arthroscopy
65,34.93333333333333,1,Diagnostic Arthroscopy
66,35.46666666666667,1,Diagnostic Arthroscopy
67,36.0,1,Diagnostic Arthroscopy
68,36.53333333333333,1,Diagnostic Arthroscopy
69,37.06666666666666,1,Diagnostic Arthroscopy
70,37.6,1,Diagnostic Arthroscopy
71,38.13333333333333,1,Diagnostic Arthroscopy
72,38.666666666666664,1,Diagnostic Arthroscopy
73,39.199999999999996,1,Diagnostic Arthroscopy
74,39.733333333333334,1,Diagnostic Arthroscopy
75,40.266666666666666,1,Diagnostic Arthroscopy
76,40.8,1,Diagnostic Arthroscopy
77,41.33333333333333,5,Labral Mobilization
78,41.86666666666667,5,Labral Mobilization
79,42.4,5,Labral Mobilization
80,42.93333333333333,5,Labral Mobilization
81,43.46666666666667,5,Labral Mobilization
82,44.0,5,Labral Mobilization
83,44.53333333333333,5,Labral Mobilization
84,45.06666666666666,5,Labral Mobilization
85,45.6,5,Labral Mobilization
86,46.13333333333333,5,Labral Mobilization
87,46.666666666666664,5,Labral Mobilization
88,47.199999999999996,5,Labral Mobilization
89,47.733333333333334,5,Labral Mobilization
90,48.266666666666666,5,Labral Mobilization
91,48.8,5,Labral Mobilization
92,49.33333333333333,1,Diagnostic Arthroscopy
93,49.86666666666667,1,Diagnostic Arthroscopy
94,50.4,1,Diagnostic Arthroscopy
95,50.93333333333333,1,Diagnostic Arthroscopy
96,51.46666666666667,1,Diagnostic Arthroscopy
97,52.0,1,Diagnostic Arthroscopy
98,52.53333333333333,1,Diagnostic Arthroscopy
99,53.06666666666666,1,Diagnostic Arthroscopy
100,53.6,1,Diagnostic Arthroscopy
101,54.13333333333333,1,Diagnostic Arthroscopy
102,54.666666666666664,1,Diagnostic Arthroscopy
103,55.199999999999996,1,Diagnostic Arthroscopy
104,55.733333333333334,1,Diagnostic Arthroscopy
105,56.266666666666666,1,Diagnostic Arthroscopy
106,56.8,1,Diagnostic Arthroscopy
107,57.33333333333333,1,Diagnostic Arthroscopy
108,57.86666666666667,1,Diagnostic Arthroscopy
109,58.4,1,Diagnostic Arthroscopy
110,58.93333333333333,1,Diagnostic Arthroscopy
111,59.46666666666666,1,Diagnostic Arthroscopy
112,60.0,1,Diagnostic Arthroscopy
113,60.53333333333333,1,Diagnostic Arthroscopy
114,61.06666666666666,1,Diagnostic Arthroscopy
115,61.6,1,Diagnostic Arthroscopy
116,62.13333333333333,1,Diagnostic Arthroscopy
117,62.666666666666664,1,Diagnostic Arthroscopy
118,63.199999999999996,1,Diagnostic Arthroscopy
119,63.733333333333334,5,Labral Mobilization
120,64.26666666666667,5,Labral Mobilization
121,64.8,5,Labral Mobilization
122,65.33333333333333,5,Labral Mobilization
123,65.86666666666666,5,Labral Mobilization
124,66.39999999999999,5,Labral Mobilization
125,66.93333333333334,5,Labral Mobilization
126,67.46666666666667,5,Labral Mobilization
127,68.0,5,Labral Mobilization
128,68.53333333333333,5,Labral Mobilization
129,69.06666666666666,5,Labral Mobilization
130,69.6,5,Labral Mobilization
131,70.13333333333333,5,Labral Mobilization
132,70.66666666666667,5,Labral Mobilization
133,71.2,5,Labral Mobilization
134,71.73333333333333,5,Labral Mobilization
135,72.26666666666667,5,Labral Mobilization
136,72.8,5,Labral Mobilization
137,73.33333333333333,5,Labral Mobilization
138,73.86666666666666,5,Labral Mobilization
139,74.39999999999999,5,Labral Mobilization
140,74.93333333333334,5,Labral Mobilization
141,75.46666666666667,5,Labral Mobilization
142,76.0,5,Labral Mobilization
143,76.53333333333333,5,Labral Mobilization
144,77.06666666666666,5,Labral Mobilization
145,77.6,5,Labral Mobilization
146,78.13333333333333,5,Labral Mobilization
147,78.66666666666667,5,Labral Mobilization
148,79.2,5,Labral Mobilization
149,79.73333333333333,5,Labral Mobilization
150,80.26666666666667,5,Labral Mobilization
151,80.8,5,Labral Mobilization
152,81.33333333333333,5,Labral Mobilization
153,81.86666666666666,5,Labral Mobilization
154,82.39999999999999,5,Labral Mobilization
155,82.93333333333334,5,Labral Mobilization
156,83.46666666666667,5,Labral Mobilization
157,84.0,5,Labral Mobilization
158,84.53333333333333,5,Labral Mobilization
159,85.06666666666666,5,Labral Mobilization
160,85.6,5,Labral Mobilization
161,86.13333333333333,5,Labral Mobilization
162,86.66666666666667,5,Labral Mobilization
163,87.2,5,Labral Mobilization
164,87.73333333333333,5,Labral Mobilization
165,88.26666666666667,5,Labral Mobilization
166,88.8,3,Glenoid Preparation
167,89.33333333333333,3,Glenoid Preparation
168,89.86666666666666,3,Glenoid Preparation
169,90.39999999999999,3,Glenoid Preparation
170,90.93333333333334,3,Glenoid Preparation
171,91.46666666666667,3,Glenoid Preparation
172,92.0,3,Glenoid Preparation
173,92.53333333333333,3,Glenoid Preparation
174,93.06666666666666,3,Glenoid Preparation
175,93.6,3,Glenoid Preparation
176,94.13333333333333,3,Glenoid Preparation
177,94.66666666666667,3,Glenoid Preparation
178,95.2,3,Glenoid Preparation
179,95.73333333333333,3,Glenoid Preparation
180,96.26666666666667,3,Glenoid Preparation
181,96.8,3,Glenoid Preparation
182,97.33333333333333,3,Glenoid Preparation
183,97.86666666666666,3,Glenoid Preparation
184,98.39999999999999,3,Glenoid Preparation
185,98.93333333333334,3,Glenoid Preparation
186,99.46666666666667,3,Glenoid Preparation
187,100.0,3,Glenoid Preparation
188,100.53333333333333,3,Glenoid Preparation
189,101.06666666666666,3,Glenoid Preparation
190,101.6,3,Glenoid Preparation
191,102.13333333333333,3,Glenoid Preparation
192,102.66666666666667,3,Glenoid Preparation
193,103.2,3,Glenoid Preparation
194,103.73333333333333,3,Glenoid Preparation
195,104.26666666666667,3,Glenoid Preparation
196,104.8,3,Glenoid Preparation
197,105.33333333333333,3,Glenoid Preparation
198,105.86666666666666,3,Glenoid Preparation
199,106.39999999999999,3,Glenoid Preparation
200,106.93333333333334,3,Glenoid Preparation
201,107.46666666666667,3,Glenoid Preparation
202,108.0,3,Glenoid Preparation
203,108.53333333333333,3,Glenoid Preparation
204,109.06666666666666,3,Glenoid Preparation
205,109.6,3,Glenoid Preparation
206,110.13333333333333,3,Glenoid Preparation
207,110.66666666666666,3,Glenoid Preparation
208,111.2,3,Glenoid Preparation
209,111.73333333333333,3,Glenoid Preparation
210,112.26666666666667,3,Glenoid Preparation
211,112.8,3,Glenoid Preparation
212,113.33333333333333,3,Glenoid Preparation
213,113.86666666666666,3,Glenoid Preparation
214,114.39999999999999,3,Glenoid Preparation
215,114.93333333333334,3,Glenoid Preparation
216,115.46666666666667,3,Glenoid Preparation
217,116.0,0,Anchor Placement
218,116.53333333333333,0,Anchor Placement
219,117.06666666666666,0,Anchor Placement
220,117.6,0,Anchor Placement
221,118.13333333333333,0,Anchor Placement
222,118.66666666666666,0,Anchor Placement
223,119.2,0,Anchor Placement
224,119.73333333333333,0,Anchor Placement
225,120.26666666666667,0,Anchor Placement
226,120.8,0,Anchor Placement
227,121.33333333333333,0,Anchor Placement
228,121.86666666666666,0,Anchor Placement
229,122.39999999999999,0,Anchor Placement
230,122.93333333333334,0,Anchor Placement
231,123.46666666666667,0,Anchor Placement
232,124.0,0,Anchor Placement
233,124.53333333333333,0,Anchor Placement
234,125.06666666666666,0,Anchor Placement
235,125.6,0,Anchor Placement
236,126.13333333333333,0,Anchor Placement
237,126.66666666666666,0,Anchor Placement
238,127.2,0,Anchor Placement
239,127.73333333333333,0,Anchor Placement
240,128.26666666666668,0,Anchor Placement
241,128.8,0,Anchor Placement
242,129.33333333333334,0,Anchor Placement
243,129.86666666666667,0,Anchor Placement
244,130.4,0,Anchor Placement
245,130.93333333333334,0,Anchor Placement
246,131.46666666666667,0,Anchor Placement
247,132.0,0,Anchor Placement
248,132.53333333333333,0,Anchor Placement
249,133.0666666666667,0,Anchor Placement
250,133.60000000000002,0,Anchor Placement
251,134.13333333333335,0,Anchor Placement
252,134.66666666666669,0,Anchor Placement
253,135.20000000000002,0,Anchor Placement
254,135.73333333333335,0,Anchor Placement
255,136.26666666666668,0,Anchor Placement
256,136.8,0,Anchor Placement
257,137.33333333333334,0,Anchor Placement
258,137.86666666666667,0,Anchor Placement
259,138.4,0,Anchor Placement
260,138.93333333333334,0,Anchor Placement
261,139.46666666666667,0,Anchor Placement
262,140.0,0,Anchor Placement
263,140.53333333333333,0,Anchor Placement
264,141.0666666666667,0,Anchor Placement
265,141.60000000000002,0,Anchor Placement
266,142.13333333333335,0,Anchor Placement
267,142.66666666666669,0,Anchor Placement
268,143.20000000000002,0,Anchor Placement
269,143.73333333333335,0,Anchor Placement
270,144.26666666666668,0,Anchor Placement
271,144.8,0,Anchor Placement
272,145.33333333333334,0,Anchor Placement
273,145.86666666666667,0,Anchor Placement
274,146.4,0,Anchor Placement
275,146.93333333333334,0,Anchor Placement
276,147.46666666666667,0,Anchor Placement
277,148.0,0,Anchor Placement
278,148.53333333333333,0,Anchor Placement
279,149.0666666666667,0,Anchor Placement
280,149.60000000000002,0,Anchor Placement
281,150.13333333333335,0,Anchor Placement
282,150.66666666666669,0,Anchor Placement
283,151.20000000000002,0,Anchor Placement
284,151.73333333333335,0,Anchor Placement
285,152.26666666666668,0,Anchor Placement
286,152.8,0,Anchor Placement
287,153.33333333333334,0,Anchor Placement
288,153.86666666666667,0,Anchor Placement
289,154.4,0,Anchor Placement
290,154.93333333333334,0,Anchor Placement
291,155.46666666666667,0,Anchor Placement
292,156.0,0,Anchor Placement
293,156.53333333333333,0,Anchor Placement
294,157.0666666666667,0,Anchor Placement
295,157.60000000000002,0,Anchor Placement
296,158.13333333333335,0,Anchor Placement
297,158.66666666666669,0,Anchor Placement
298,159.20000000000002,0,Anchor Placement
299,159.73333333333335,0,Anchor Placement
300,160.26666666666668,0,Anchor Placement
301,160.8,0,Anchor Placement
302,161.33333333333334,0,Anchor Placement
303,161.86666666666667,0,Anchor Placement
304,162.4,0,Anchor Placement
305,162.93333333333334,0,Anchor Placement
306,163.46666666666667,0,Anchor Placement
307,164.0,0,Anchor Placement
308,164.53333333333333,0,Anchor Placement
309,165.0666666666667,0,Anchor Placement
310,165.60000000000002,0,Anchor Placement
311,166.13333333333335,0,Anchor Placement
312,166.66666666666669,0,Anchor Placement
313,167.20000000000002,0,Anchor Placement
314,167.73333333333335,0,Anchor Placement
315,168.26666666666668,2,Final Inspection
316,168.8,2,Final Inspection
317,169.33333333333334,2,Final Inspection
318,169.86666666666667,2,Final Inspection
319,170.4,2,Final Inspection
320,170.93333333333334,2,Final Inspection
321,171.46666666666667,2,Final Inspection
322,172.0,2,Final Inspection
323,172.53333333333333,2,Final Inspection
324,173.0666666666667,2,Final Inspection
325,173.60000000000002,2,Final Inspection
326,174.13333333333335,1,Diagnostic Arthroscopy
327,174.66666666666669,1,Diagnostic Arthroscopy
328,175.20000000000002,1,Diagnostic Arthroscopy
329,175.73333333333335,1,Diagnostic Arthroscopy
330,176.26666666666668,1,Diagnostic Arthroscopy
331,176.8,1,Diagnostic Arthroscopy
332,177.33333333333334,1,Diagnostic Arthroscopy
333,177.86666666666667,1,Diagnostic Arthroscopy
334,178.4,1,Diagnostic Arthroscopy
335,178.93333333333334,1,Diagnostic Arthroscopy
336,179.46666666666667,1,Diagnostic Arthroscopy
337,180.0,1,Diagnostic Arthroscopy
338,180.53333333333333,1,Diagnostic Arthroscopy
339,181.0666666666667,1,Diagnostic Arthroscopy
340,181.60000000000002,1,Diagnostic Arthroscopy
341,182.13333333333335,1,Diagnostic Arthroscopy
342,182.66666666666669,1,Diagnostic Arthroscopy
343,183.20000000000002,1,Diagnostic Arthroscopy
344,183.73333333333335,1,Diagnostic Arthroscopy
345,184.26666666666668,1,Diagnostic Arthroscopy
346,184.8,1,Diagnostic Arthroscopy
347,185.33333333333334,5,Labral Mobilization
348,185.86666666666667,5,Labral Mobilization
349,186.4,5,Labral Mobilization
350,186.93333333333334,5,Labral Mobilization
351,187.46666666666667,5,Labral Mobilization
352,188.0,5,Labral Mobilization
353,188.53333333333333,5,Labral Mobilization
354,189.0666666666667,5,Labral Mobilization
355,189.60000000000002,5,Labral Mobilization
356,190.13333333333335,5,Labral Mobilization
357,190.66666666666669,5,Labral Mobilization
358,191.20000000000002,5,Labral Mobilization
359,191.73333333333335,5,Labral Mobilization
360,192.26666666666668,5,Labral Mobilization
361,192.8,5,Labral Mobilization
362,193.33333333333334,5,Labral Mobilization
363,193.86666666666667,5,Labral Mobilization
364,194.4,5,Labral Mobilization
365,194.93333333333334,5,Labral Mobilization
366,195.46666666666667,5,Labral Mobilization
367,196.0,5,Labral Mobilization
368,196.53333333333333,5,Labral Mobilization
369,197.0666666666667,5,Labral Mobilization
370,197.60000000000002,5,Labral Mobilization
371,198.13333333333335,5,Labral Mobilization
372,198.66666666666669,5,Labral Mobilization
373,199.20000000000002,5,Labral Mobilization
374,199.73333333333335,5,Labral Mobilization
375,200.26666666666668,5,Labral Mobilization
376,200.8,5,Labral Mobilization
377,201.33333333333334,5,Labral Mobilization
378,201.86666666666667,5,Labral Mobilization
379,202.4,5,Labral Mobilization
380,202.93333333333334,5,Labral Mobilization
381,203.46666666666667,5,Labral Mobilization
382,204.0,5,Labral Mobilization
383,204.53333333333333,5,Labral Mobilization
384,205.0666666666667,5,Labral Mobilization
385,205.60000000000002,5,Labral Mobilization
386,206.13333333333335,5,Labral Mobilization
387,206.66666666666669,5,Labral Mobilization
388,207.20000000000002,5,Labral Mobilization
389,207.73333333333335,5,Labral Mobilization
390,208.26666666666668,5,Labral Mobilization
391,208.8,5,Labral Mobilization
392,209.33333333333334,5,Labral Mobilization
393,209.86666666666667,5,Labral Mobilization
394,210.4,5,Labral Mobilization
395,210.93333333333334,5,Labral Mobilization
396,211.46666666666667,5,Labral Mobilization
397,212.0,5,Labral Mobilization
398,212.53333333333333,5,Labral Mobilization
399,213.06666666666666,5,Labral Mobilization
400,213.60000000000002,5,Labral Mobilization
401,214.13333333333335,5,Labral Mobilization
402,214.66666666666669,5,Labral Mobilization
403,215.20000000000002,5,Labral Mobilization
404,215.73333333333335,5,Labral Mobilization
405,216.26666666666668,5,Labral Mobilization
406,216.8,5,Labral Mobilization
407,217.33333333333334,5,Labral Mobilization
408,217.86666666666667,5,Labral Mobilization
409,218.4,5,Labral Mobilization
410,218.93333333333334,5,Labral Mobilization
411,219.46666666666667,5,Labral Mobilization
412,220.0,5,Labral Mobilization
413,220.53333333333333,5,Labral Mobilization
414,221.06666666666666,5,Labral Mobilization
415,221.60000000000002,5,Labral Mobilization
416,222.13333333333335,5,Labral Mobilization
417,222.66666666666669,5,Labral Mobilization
418,223.20000000000002,5,Labral Mobilization
419,223.73333333333335,5,Labral Mobilization
420,224.26666666666668,5,Labral Mobilization
421,224.8,5,Labral Mobilization
422,225.33333333333334,5,Labral Mobilization
423,225.86666666666667,5,Labral Mobilization
424,226.4,5,Labral Mobilization
425,226.93333333333334,5,Labral Mobilization
426,227.46666666666667,5,Labral Mobilization
427,228.0,5,Labral Mobilization
428,228.53333333333333,5,Labral Mobilization
429,229.06666666666666,5,Labral Mobilization
430,229.60000000000002,5,Labral Mobilization
431,230.13333333333335,5,Labral Mobilization
432,230.66666666666669,5,Labral Mobilization
433,231.20000000000002,5,Labral Mobilization
434,231.73333333333335,5,Labral Mobilization
435,232.26666666666668,5,Labral Mobilization
436,232.8,5,Labral Mobilization
437,233.33333333333334,5,Labral Mobilization
438,233.86666666666667,5,Labral Mobilization
439,234.4,5,Labral Mobilization
440,234.93333333333334,5,Labral Mobilization
441,235.46666666666667,5,Labral Mobilization
442,236.0,5,Labral Mobilization
443,236.53333333333333,5,Labral Mobilization
444,237.06666666666666,5,Labral Mobilization
445,237.60000000000002,5,Labral Mobilization
446,238.13333333333335,5,Labral Mobilization
447,238.66666666666669,5,Labral Mobilization
448,239.20000000000002,5,Labral Mobilization
449,239.73333333333335,5,Labral Mobilization
450,240.26666666666668,5,Labral Mobilization
451,240.8,5,Labral Mobilization
452,241.33333333333334,5,Labral Mobilization
453,241.86666666666667,5,Labral Mobilization
454,242.4,5,Labral Mobilization
455,242.93333333333334,5,Labral Mobilization
456,243.46666666666667,5,Labral Mobilization
457,244.0,5,Labral Mobilization
458,244.53333333333333,5,Labral Mobilization
459,245.06666666666666,5,Labral Mobilization
460,245.60000000000002,5,Labral Mobilization
461,246.13333333333335,5,Labral Mobilization
462,246.66666666666669,5,Labral Mobilization
463,247.20000000000002,5,Labral Mobilization
464,247.73333333333335,5,Labral Mobilization
465,248.26666666666668,5,Labral Mobilization
466,248.8,5,Labral Mobilization
467,249.33333333333334,5,Labral Mobilization
468,249.86666666666667,5,Labral Mobilization
469,250.4,5,Labral Mobilization
470,250.93333333333334,5,Labral Mobilization
471,251.46666666666667,5,Labral Mobilization
472,252.0,5,Labral Mobilization
473,252.53333333333333,5,Labral Mobilization
474,253.06666666666666,5,Labral Mobilization
475,253.60000000000002,5,Labral Mobilization
476,254.13333333333335,5,Labral Mobilization
477,254.66666666666669,5,Labral Mobilization
478,255.20000000000002,5,Labral Mobilization
479,255.73333333333335,5,Labral Mobilization
480,256.26666666666665,5,Labral Mobilization
481,256.79999999999995,5,Labral Mobilization
482,257.3333333333333,5,Labral Mobilization
483,257.8666666666667,5,Labral Mobilization
484,258.4,5,Labral Mobilization
485,258.93333333333334,5,Labral Mobilization
486,259.46666666666664,5,Labral Mobilization
487,260.0,5,Labral Mobilization
488,260.5333333333333,5,Labral Mobilization
489,261.06666666666666,5,Labral Mobilization
490,261.59999999999997,5,Labral Mobilization
491,262.1333333333333,5,Labral Mobilization
492,262.66666666666663,5,Labral Mobilization
493,263.2,5,Labral Mobilization
494,263.7333333333333,5,Labral Mobilization
495,264.26666666666665,5,Labral Mobilization
496,264.79999999999995,5,Labral Mobilization
497,265.3333333333333,5,Labral Mobilization
498,265.8666666666667,5,Labral Mobilization
499,266.4,5,Labral Mobilization
500,266.93333333333334,5,Labral Mobilization
501,267.46666666666664,5,Labral Mobilization
502,268.0,5,Labral Mobilization
503,268.5333333333333,5,Labral Mobilization
504,269.06666666666666,5,Labral Mobilization
505,269.59999999999997,5,Labral Mobilization
506,270.1333333333333,5,Labral Mobilization
507,270.66666666666663,5,Labral Mobilization
508,271.2,5,Labral Mobilization
509,271.7333333333333,5,Labral Mobilization
510,272.26666666666665,5,Labral Mobilization
511,272.79999999999995,5,Labral Mobilization
512,273.3333333333333,5,Labral Mobilization
513,273.8666666666667,5,Labral Mobilization
514,274.4,5,Labral Mobilization
515,274.93333333333334,5,Labral Mobilization
516,275.46666666666664,5,Labral Mobilization
517,276.0,5,Labral Mobilization
518,276.5333333333333,5,Labral Mobilization
519,277.06666666666666,5,Labral Mobilization
520,277.59999999999997,5,Labral Mobilization
521,278.1333333333333,5,Labral Mobilization
522,278.66666666666663,5,Labral Mobilization
523,279.2,5,Labral Mobilization
524,279.7333333333333,5,Labral Mobilization
525,280.26666666666665,5,Labral Mobilization
526,280.79999999999995,5,Labral Mobilization
527,281.3333333333333,5,Labral Mobilization
528,281.8666666666667,5,Labral Mobilization
529,282.4,5,Labral Mobilization
530,282.93333333333334,5,Labral Mobilization
531,283.46666666666664,5,Labral Mobilization
532,284.0,5,Labral Mobilization
533,284.5333333333333,5,Labral Mobilization
534,285.06666666666666,5,Labral Mobilization
535,285.59999999999997,5,Labral Mobilization
536,286.1333333333333,5,Labral Mobilization
537,286.66666666666663,5,Labral Mobilization
538,287.2,3,Glenoid Preparation
539,287.7333333333333,3,Glenoid Preparation
540,288.26666666666665,3,Glenoid Preparation
541,288.79999999999995,3,Glenoid Preparation
542,289.3333333333333,3,Glenoid Preparation
543,289.8666666666667,3,Glenoid Preparation
544,290.4,3,Glenoid Preparation
545,290.93333333333334,3,Glenoid Preparation
546,291.46666666666664,3,Glenoid Preparation
547,292.0,3,Glenoid Preparation
548,292.5333333333333,3,Glenoid Preparation
549,293.06666666666666,3,Glenoid Preparation
550,293.59999999999997,3,Glenoid Preparation
551,294.1333333333333,3,Glenoid Preparation
552,294.66666666666663,3,Glenoid Preparation
553,295.2,3,Glenoid Preparation
554,295.7333333333333,3,Glenoid Preparation
555,296.26666666666665,3,Glenoid Preparation
556,296.79999999999995,3,Glenoid Preparation
557,297.3333333333333,3,Glenoid Preparation
558,297.8666666666667,3,Glenoid Preparation
559,298.4,3,Glenoid Preparation
560,298.93333333333334,3,Glenoid Preparation
561,299.46666666666664,3,Glenoid Preparation
562,300.0,3,Glenoid Preparation
563,300.5333333333333,3,Glenoid Preparation
564,301.06666666666666,3,Glenoid Preparation
565,301.59999999999997,3,Glenoid Preparation
566,302.1333333333333,3,Glenoid Preparation
567,302.66666666666663,0,Anchor Placement
568,303.2,0,Anchor Placement
569,303.7333333333333,0,Anchor Placement
570,304.26666666666665,0,Anchor Placement
571,304.79999999999995,0,Anchor Placement
572,305.3333333333333,0,Anchor Placement
573,305.8666666666667,0,Anchor Placement
574,306.4,0,Anchor Placement
575,306.93333333333334,0,Anchor Placement
576,307.46666666666664,0,Anchor Placement
577,308.0,0,Anchor Placement
578,308.5333333333333,0,Anchor Placement
579,309.06666666666666,0,Anchor Placement
580,309.59999999999997,0,Anchor Placement
581,310.1333333333333,0,Anchor Placement
582,310.66666666666663,0,Anchor Placement
583,311.2,0,Anchor Placement
584,311.7333333333333,0,Anchor Placement
585,312.26666666666665,0,Anchor Placement
586,312.79999999999995,0,Anchor Placement
587,313.3333333333333,0,Anchor Placement
588,313.8666666666667,0,Anchor Placement
589,314.4,0,Anchor Placement
590,314.93333333333334,0,Anchor Placement
591,315.46666666666664,0,Anchor Placement
592,316.0,0,Anchor Placement
593,316.5333333333333,0,Anchor Placement
594,317.06666666666666,0,Anchor Placement
595,317.59999999999997,0,Anchor Placement
596,318.1333333333333,0,Anchor Placement
597,318.66666666666663,0,Anchor Placement
598,319.2,0,Anchor Placement
599,319.7333333333333,0,Anchor Placement
600,320.26666666666665,0,Anchor Placement
601,320.79999999999995,0,Anchor Placement
602,321.3333333333333,0,Anchor Placement
603,321.8666666666667,0,Anchor Placement
604,322.4,0,Anchor Placement
605,322.93333333333334,0,Anchor Placement
606,323.46666666666664,0,Anchor Placement
607,324.0,0,Anchor Placement
608,324.5333333333333,0,Anchor Placement
609,325.06666666666666,0,Anchor Placement
610,325.59999999999997,0,Anchor Placement
611,326.1333333333333,0,Anchor Placement
612,326.66666666666663,0,Anchor Placement
613,327.2,0,Anchor Placement
614,327.7333333333333,0,Anchor Placement
615,328.26666666666665,0,Anchor Placement
616,328.79999999999995,0,Anchor Placement
617,329.3333333333333,0,Anchor Placement
618,329.8666666666667,0,Anchor Placement
619,330.4,0,Anchor Placement
620,330.93333333333334,0,Anchor Placement
621,331.46666666666664,0,Anchor Placement
622,332.0,0,Anchor Placement
623,332.5333333333333,0,Anchor Placement
624,333.06666666666666,0,Anchor Placement
625,333.59999999999997,0,Anchor Placement
626,334.1333333333333,0,Anchor Placement
627,334.66666666666663,0,Anchor Placement
628,335.2,0,Anchor Placement
629,335.7333333333333,0,Anchor Placement
630,336.26666666666665,0,Anchor Placement
631,336.79999999999995,0,Anchor Placement
632,337.3333333333333,0,Anchor Placement
633,337.8666666666667,0,Anchor Placement
634,338.4,0,Anchor Placement
635,338.93333333333334,0,Anchor Placement
636,339.46666666666664,0,Anchor Placement
637,340.0,0,Anchor Placement
638,340.5333333333333,0,Anchor Placement
639,341.06666666666666,0,Anchor Placement
640,341.59999999999997,0,Anchor Placement
641,342.1333333333333,0,Anchor Placement
642,342.66666666666663,0,Anchor Placement
643,343.2,0,Anchor Placement
644,343.7333333333333,0,Anchor Placement
645,344.26666666666665,0,Anchor Placement
646,344.79999999999995,0,Anchor Placement
647,345.3333333333333,0,Anchor Placement
648,345.8666666666667,0,Anchor Placement
649,346.4,0,Anchor Placement
650,346.93333333333334,0,Anchor Placement
651,347.46666666666664,0,Anchor Placement
652,348.0,0,Anchor Placement
653,348.5333333333333,0,Anchor Placement
654,349.06666666666666,0,Anchor Placement
655,349.59999999999997,0,Anchor Placement
656,350.1333333333333,0,Anchor Placement
657,350.66666666666663,0,Anchor Placement
658,351.2,0,Anchor Placement
659,351.7333333333333,0,Anchor Placement
660,352.26666666666665,0,Anchor Placement
661,352.79999999999995,0,Anchor Placement
662,353.3333333333333,0,Anchor Placement
663,353.8666666666667,0,Anchor Placement
664,354.4,0,Anchor Placement
665,354.93333333333334,0,Anchor Placement
666,355.46666666666664,0,Anchor Placement
667,356.0,0,Anchor Placement
668,356.5333333333333,0,Anchor Placement
669,357.06666666666666,0,Anchor Placement
670,357.59999999999997,0,Anchor Placement
671,358.1333333333333,0,Anchor Placement
672,358.66666666666663,0,Anchor Placement
673,359.2,0,Anchor Placement
674,359.7333333333333,0,Anchor Placement
675,360.26666666666665,0,Anchor Placement
676,360.79999999999995,0,Anchor Placement
677,361.3333333333333,0,Anchor Placement
678,361.8666666666667,0,Anchor Placement
679,362.4,0,Anchor Placement
680,362.93333333333334,0,Anchor Placement
681,363.46666666666664,0,Anchor Placement
682,364.0,0,Anchor Placement
683,364.5333333333333,0,Anchor Placement
684,365.06666666666666,0,Anchor Placement
685,365.59999999999997,0,Anchor Placement
686,366.1333333333333,0,Anchor Placement
687,366.66666666666663,0,Anchor Placement
688,367.2,0,Anchor Placement
689,367.7333333333333,0,Anchor Placement
690,368.26666666666665,0,Anchor Placement
691,368.79999999999995,0,Anchor Placement
692,369.3333333333333,0,Anchor Placement
693,369.8666666666667,0,Anchor Placement
694,370.4,0,Anchor Placement
695,370.93333333333334,0,Anchor Placement
696,371.46666666666664,0,Anchor Placement
697,372.0,0,Anchor Placement
698,372.5333333333333,0,Anchor Placement
699,373.06666666666666,0,Anchor Placement
700,373.59999999999997,0,Anchor Placement
701,374.1333333333333,0,Anchor Placement
702,374.66666666666663,0,Anchor Placement
703,375.2,0,Anchor Placement
704,375.7333333333333,0,Anchor Placement
705,376.26666666666665,0,Anchor Placement
706,376.79999999999995,0,Anchor Placement
707,377.3333333333333,0,Anchor Placement
708,377.8666666666667,0,Anchor Placement
709,378.4,0,Anchor Placement
710,378.93333333333334,0,Anchor Placement
711,379.46666666666664,0,Anchor Placement
712,380.0,0,Anchor Placement
713,380.5333333333333,0,Anchor Placement
714,381.06666666666666,0,Anchor Placement
715,381.59999999999997,0,Anchor Placement
716,382.1333333333333,0,Anchor Placement
717,382.66666666666663,0,Anchor Placement
718,383.2,0,Anchor Placement
719,383.7333333333333,0,Anchor Placement
720,384.26666666666665,0,Anchor Placement
721,384.79999999999995,0,Anchor Placement
722,385.3333333333333,0,Anchor Placement
723,385.8666666666667,0,Anchor Placement
724,386.4,0,Anchor Placement
725,386.93333333333334,0,Anchor Placement
726,387.46666666666664,0,Anchor Placement
727,388.0,0,Anchor Placement
728,388.5333333333333,0,Anchor Placement
729,389.06666666666666,0,Anchor Placement
730,389.59999999999997,0,Anchor Placement
731,390.1333333333333,0,Anchor Placement
732,390.66666666666663,0,Anchor Placement
733,391.2,0,Anchor Placement
734,391.7333333333333,0,Anchor Placement
735,392.26666666666665,0,Anchor Placement
736,392.79999999999995,0,Anchor Placement
737,393.3333333333333,0,Anchor Placement
738,393.8666666666667,0,Anchor Placement
739,394.4,0,Anchor Placement
740,394.93333333333334,0,Anchor Placement
741,395.46666666666664,0,Anchor Placement
742,396.0,0,Anchor Placement
743,396.5333333333333,0,Anchor Placement
744,397.06666666666666,0,Anchor Placement
745,397.59999999999997,0,Anchor Placement
746,398.1333333333333,0,Anchor Placement
747,398.66666666666663,0,Anchor Placement
748,399.2,0,Anchor Placement
749,399.7333333333333,0,Anchor Placement
750,400.26666666666665,0,Anchor Placement
751,400.79999999999995,0,Anchor Placement
752,401.3333333333333,0,Anchor Placement
753,401.8666666666667,0,Anchor Placement
754,402.4,0,Anchor Placement
755,402.93333333333334,0,Anchor Placement
756,403.46666666666664,0,Anchor Placement
757,404.0,0,Anchor Placement
758,404.5333333333333,0,Anchor Placement
759,405.06666666666666,7,Suture Passage
760,405.59999999999997,7,Suture Passage
761,406.1333333333333,7,Suture Passage
762,406.66666666666663,7,Suture Passage
763,407.2,7,Suture Passage
764,407.7333333333333,7,Suture Passage
765,408.26666666666665,7,Suture Passage
766,408.79999999999995,7,Suture Passage
767,409.3333333333333,7,Suture Passage
768,409.8666666666667,7,Suture Passage
769,410.4,7,Suture Passage
770,410.93333333333334,7,Suture Passage
771,411.46666666666664,7,Suture Passage
772,412.0,7,Suture Passage
773,412.5333333333333,7,Suture Passage
774,413.06666666666666,7,Suture Passage
775,413.59999999999997,7,Suture Passage
776,414.1333333333333,7,Suture Passage
777,414.66666666666663,7,Suture Passage
778,415.2,7,Suture Passage
779,415.7333333333333,7,Suture Passage
780,416.26666666666665,7,Suture Passage
781,416.79999999999995,7,Suture Passage
782,417.3333333333333,7,Suture Passage
783,417.8666666666666,7,Suture Passage
784,418.4,7,Suture Passage
785,418.93333333333334,7,Suture Passage
786,419.46666666666664,7,Suture Passage
787,420.0,7,Suture Passage
788,420.5333333333333,7,Suture Passage
789,421.06666666666666,7,Suture Passage
790,421.59999999999997,7,Suture Passage
791,422.1333333333333,7,Suture Passage
792,422.66666666666663,7,Suture Passage
793,423.2,7,Suture Passage
794,423.7333333333333,7,Suture Passage
795,424.26666666666665,7,Suture Passage
796,424.79999999999995,7,Suture Passage
797,425.3333333333333,7,Suture Passage
798,425.8666666666666,7,Suture Passage
799,426.4,7,Suture Passage
800,426.93333333333334,7,Suture Passage
801,427.46666666666664,7,Suture Passage
802,428.0,7,Suture Passage
803,428.5333333333333,7,Suture Passage
804,429.06666666666666,7,Suture Passage
805,429.59999999999997,7,Suture Passage
806,430.1333333333333,7,Suture Passage
807,430.66666666666663,7,Suture Passage
808,431.2,7,Suture Passage
809,431.7333333333333,7,Suture Passage
810,432.26666666666665,7,Suture Passage
811,432.79999999999995,7,Suture Passage
812,433.3333333333333,7,Suture Passage
813,433.8666666666666,7,Suture Passage
814,434.4,7,Suture Passage
815,434.93333333333334,7,Suture Passage
816,435.46666666666664,7,Suture Passage
817,436.0,7,Suture Passage
818,436.5333333333333,7,Suture Passage
819,437.06666666666666,7,Suture Passage
820,437.59999999999997,7,Suture Passage
821,438.1333333333333,7,Suture Passage
822,438.66666666666663,7,Suture Passage
823,439.2,7,Suture Passage
824,439.7333333333333,7,Suture Passage
825,440.26666666666665,7,Suture Passage
826,440.79999999999995,7,Suture Passage
827,441.3333333333333,7,Suture Passage
828,441.8666666666666,7,Suture Passage
829,442.4,7,Suture Passage
830,442.93333333333334,7,Suture Passage
831,443.46666666666664,7,Suture Passage
832,444.0,7,Suture Passage
833,444.5333333333333,7,Suture Passage
834,445.06666666666666,7,Suture Passage
835,445.59999999999997,7,Suture Passage
836,446.1333333333333,7,Suture Passage
837,446.66666666666663,7,Suture Passage
838,447.2,7,Suture Passage
839,447.7333333333333,7,Suture Passage
840,448.26666666666665,7,Suture Passage
841,448.79999999999995,7,Suture Passage
842,449.3333333333333,7,Suture Passage
843,449.8666666666666,7,Suture Passage
844,450.4,7,Suture Passage
845,450.93333333333334,7,Suture Passage
846,451.46666666666664,7,Suture Passage
847,452.0,7,Suture Passage
848,452.5333333333333,7,Suture Passage
849,453.06666666666666,7,Suture Passage
850,453.59999999999997,7,Suture Passage
851,454.1333333333333,7,Suture Passage
852,454.66666666666663,7,Suture Passage
853,455.2,7,Suture Passage
854,455.7333333333333,7,Suture Passage
855,456.26666666666665,7,Suture Passage
856,456.79999999999995,7,Suture Passage
857,457.3333333333333,7,Suture Passage
858,457.8666666666666,7,Suture Passage
859,458.4,7,Suture Passage
860,458.93333333333334,7,Suture Passage
861,459.46666666666664,7,Suture Passage
862,460.0,7,Suture Passage
863,460.5333333333333,7,Suture Passage
864,461.06666666666666,7,Suture Passage
865,461.59999999999997,8,Suture Tensioning
866,462.1333333333333,8,Suture Tensioning
867,462.66666666666663,8,Suture Tensioning
868,463.2,8,Suture Tensioning
869,463.7333333333333,8,Suture Tensioning
870,464.26666666666665,8,Suture Tensioning
871,464.79999999999995,8,Suture Tensioning
872,465.3333333333333,8,Suture Tensioning
873,465.8666666666666,8,Suture Tensioning
874,466.4,8,Suture Tensioning
875,466.93333333333334,8,Suture Tensioning
876,467.46666666666664,8,Suture Tensioning
877,468.0,8,Suture Tensioning
878,468.5333333333333,8,Suture Tensioning
879,469.06666666666666,8,Suture Tensioning
880,469.59999999999997,8,Suture Tensioning
881,470.1333333333333,8,Suture Tensioning
882,470.66666666666663,8,Suture Tensioning
883,471.2,8,Suture Tensioning
884,471.7333333333333,8,Suture Tensioning
885,472.26666666666665,8,Suture Tensioning
886,472.79999999999995,8,Suture Tensioning
887,473.3333333333333,8,Suture Tensioning
888,473.8666666666666,8,Suture Tensioning
889,474.4,8,Suture Tensioning
890,474.93333333333334,8,Suture Tensioning
891,475.46666666666664,8,Suture Tensioning
892,476.0,8,Suture Tensioning
893,476.5333333333333,8,Suture Tensioning
894,477.06666666666666,8,Suture Tensioning
895,477.59999999999997,8,Suture Tensioning
896,478.1333333333333,8,Suture Tensioning
897,478.66666666666663,8,Suture Tensioning
898,479.2,8,Suture Tensioning
899,479.7333333333333,8,Suture Tensioning
900,480.26666666666665,8,Suture Tensioning
901,480.79999999999995,8,Suture Tensioning
902,481.3333333333333,8,Suture Tensioning
903,481.8666666666666,8,Suture Tensioning
904,482.4,8,Suture Tensioning
905,482.93333333333334,8,Suture Tensioning
906,483.46666666666664,8,Suture Tensioning
907,484.0,8,Suture Tensioning
908,484.5333333333333,8,Suture Tensioning
909,485.06666666666666,8,Suture Tensioning
910,485.59999999999997,8,Suture Tensioning
911,486.1333333333333,8,Suture Tensioning
912,486.66666666666663,8,Suture Tensioning
913,487.2,8,Suture Tensioning
914,487.7333333333333,8,Suture Tensioning
915,488.26666666666665,8,Suture Tensioning
916,488.79999999999995,8,Suture Tensioning
917,489.3333333333333,8,Suture Tensioning
918,489.8666666666666,8,Suture Tensioning
919,490.4,8,Suture Tensioning
920,490.93333333333334,8,Suture Tensioning
921,491.46666666666664,8,Suture Tensioning
922,492.0,8,Suture Tensioning
923,492.5333333333333,8,Suture Tensioning
924,493.06666666666666,8,Suture Tensioning
925,493.59999999999997,8,Suture Tensioning
926,494.1333333333333,8,Suture Tensioning
927,494.66666666666663,8,Suture Tensioning
928,495.2,8,Suture Tensioning
929,495.7333333333333,8,Suture Tensioning
930,496.26666666666665,8,Suture Tensioning
931,496.79999999999995,8,Suture Tensioning
932,497.3333333333333,8,Suture Tensioning
933,497.8666666666666,8,Suture Tensioning
934,498.4,8,Suture Tensioning
935,498.93333333333334,8,Suture Tensioning
936,499.46666666666664,8,Suture Tensioning
937,500.0,8,Suture Tensioning
938,500.5333333333333,8,Suture Tensioning
939,501.06666666666666,8,Suture Tensioning
940,501.59999999999997,8,Suture Tensioning
941,502.1333333333333,8,Suture Tensioning
942,502.66666666666663,8,Suture Tensioning
943,503.2,8,Suture Tensioning
944,503.7333333333333,8,Suture Tensioning
945,504.26666666666665,8,Suture Tensioning
946,504.79999999999995,8,Suture Tensioning
947,505.3333333333333,8,Suture Tensioning
948,505.8666666666666,8,Suture Tensioning
949,506.4,8,Suture Tensioning
950,506.93333333333334,8,Suture Tensioning
951,507.46666666666664,8,Suture Tensioning
952,508.0,8,Suture Tensioning
953,508.5333333333333,8,Suture Tensioning
954,509.06666666666666,8,Suture Tensioning
955,509.59999999999997,8,Suture Tensioning
956,510.1333333333333,8,Suture Tensioning
957,510.66666666666663,8,Suture Tensioning
958,511.2,8,Suture Tensioning
959,511.7333333333333,8,Suture Tensioning
960,512.2666666666667,8,Suture Tensioning
961,512.8,8,Suture Tensioning
962,513.3333333333333,8,Suture Tensioning
963,513.8666666666667,8,Suture Tensioning
964,514.4,8,Suture Tensioning
965,514.9333333333333,8,Suture Tensioning
966,515.4666666666667,8,Suture Tensioning
967,516.0,8,Suture Tensioning
968,516.5333333333333,8,Suture Tensioning
969,517.0666666666666,8,Suture Tensioning
970,517.6,8,Suture Tensioning
971,518.1333333333333,8,Suture Tensioning
972,518.6666666666666,8,Suture Tensioning
973,519.1999999999999,0,Anchor Placement
974,519.7333333333333,0,Anchor Placement
975,520.2666666666667,0,Anchor Placement
976,520.8,0,Anchor Placement
977,521.3333333333333,0,Anchor Placement
978,521.8666666666667,0,Anchor Placement
979,522.4,0,Anchor Placement
980,522.9333333333333,0,Anchor Placement
981,523.4666666666667,0,Anchor Placement
982,524.0,0,Anchor Placement
983,524.5333333333333,0,Anchor Placement
984,525.0666666666666,0,Anchor Placement
985,525.6,0,Anchor Placement
986,526.1333333333333,0,Anchor Placement
987,526.6666666666666,0,Anchor Placement
988,527.1999999999999,0,Anchor Placement
989,527.7333333333333,0,Anchor Placement
990,528.2666666666667,0,Anchor Placement
991,528.8,0,Anchor Placement
992,529.3333333333333,0,Anchor Placement
993,529.8666666666667,0,Anchor Placement
994,530.4,0,Anchor Placement
995,530.9333333333333,0,Anchor Placement
996,531.4666666666667,0,Anchor Placement
997,532.0,0,Anchor Placement
998,532.5333333333333,0,Anchor Placement
999,533.0666666666666,0,Anchor Placement
1000,533.6,0,Anchor Placement
1001,534.1333333333333,0,Anchor Placement
1002,534.6666666666666,0,Anchor Placement
1003,535.1999999999999,0,Anchor Placement
1004,535.7333333333333,0,Anchor Placement
1005,536.2666666666667,0,Anchor Placement
1006,536.8,0,Anchor Placement
1007,537.3333333333333,0,Anchor Placement
1008,537.8666666666667,0,Anchor Placement
1009,538.4,0,Anchor Placement
1010,538.9333333333333,0,Anchor Placement
1011,539.4666666666667,0,Anchor Placement
1012,540.0,0,Anchor Placement
1013,540.5333333333333,0,Anchor Placement
1014,541.0666666666666,0,Anchor Placement
1015,541.6,0,Anchor Placement
1016,542.1333333333333,0,Anchor Placement
1017,542.6666666666666,0,Anchor Placement
1018,543.1999999999999,0,Anchor Placement
1019,543.7333333333333,0,Anchor Placement
1020,544.2666666666667,0,Anchor Placement
1021,544.8,0,Anchor Placement
1022,545.3333333333333,0,Anchor Placement
1023,545.8666666666667,0,Anchor Placement
1024,546.4,0,Anchor Placement
1025,546.9333333333333,0,Anchor Placement
1026,547.4666666666667,0,Anchor Placement
1027,548.0,0,Anchor Placement
1028,548.5333333333333,0,Anchor Placement
1029,549.0666666666666,0,Anchor Placement
1030,549.6,0,Anchor Placement
1031,550.1333333333333,0,Anchor Placement
1032,550.6666666666666,0,Anchor Placement
1033,551.1999999999999,0,Anchor Placement
1034,551.7333333333333,0,Anchor Placement
1035,552.2666666666667,0,Anchor Placement
1036,552.8,0,Anchor Placement
1037,553.3333333333333,0,Anchor Placement
1038,553.8666666666667,0,Anchor Placement
1039,554.4,0,Anchor Placement
1040,554.9333333333333,0,Anchor Placement
1041,555.4666666666667,0,Anchor Placement
1042,556.0,0,Anchor Placement
1043,556.5333333333333,0,Anchor Placement
1044,557.0666666666666,0,Anchor Placement
1045,557.6,0,Anchor Placement
1046,558.1333333333333,0,Anchor Placement
1047,558.6666666666666,0,Anchor Placement
1048,559.1999999999999,0,Anchor Placement
1049,559.7333333333333,0,Anchor Placement
1050,560.2666666666667,0,Anchor Placement
1051,560.8,0,Anchor Placement
1052,561.3333333333333,0,Anchor Placement
1053,561.8666666666667,0,Anchor Placement
1054,562.4,0,Anchor Placement
1055,562.9333333333333,0,Anchor Placement
1056,563.4666666666667,0,Anchor Placement
1057,564.0,0,Anchor Placement
1058,564.5333333333333,0,Anchor Placement
1059,565.0666666666666,0,Anchor Placement
1060,565.6,0,Anchor Placement
1061,566.1333333333333,0,Anchor Placement
1062,566.6666666666666,0,Anchor Placement
1063,567.1999999999999,0,Anchor Placement
1064,567.7333333333333,0,Anchor Placement
1065,568.2666666666667,0,Anchor Placement
1066,568.8,0,Anchor Placement
1067,569.3333333333333,0,Anchor Placement
1068,569.8666666666667,0,Anchor Placement
1069,570.4,0,Anchor Placement
1070,570.9333333333333,0,Anchor Placement
1071,571.4666666666667,0,Anchor Placement
1072,572.0,0,Anchor Placement
1073,572.5333333333333,0,Anchor Placement
1074,573.0666666666666,0,Anchor Placement
1075,573.6,0,Anchor Placement
1076,574.1333333333333,0,Anchor Placement
1077,574.6666666666666,0,Anchor Placement
1078,575.1999999999999,0,Anchor Placement
1079,575.7333333333333,0,Anchor Placement
1080,576.2666666666667,0,Anchor Placement
1081,576.8,0,Anchor Placement
1082,577.3333333333333,0,Anchor Placement
1083,577.8666666666667,0,Anchor Placement
1084,578.4,0,Anchor Placement
1085,578.9333333333333,0,Anchor Placement
1086,579.4666666666667,0,Anchor Placement
1087,580.0,0,Anchor Placement
1088,580.5333333333333,0,Anchor Placement
1089,581.0666666666666,0,Anchor Placement
1090,581.6,0,Anchor Placement
1091,582.1333333333333,0,Anchor Placement
1092,582.6666666666666,0,Anchor Placement
1093,583.1999999999999,0,Anchor Placement
1094,583.7333333333333,0,Anchor Placement
1095,584.2666666666667,0,Anchor Placement
1096,584.8,0,Anchor Placement
1097,585.3333333333333,0,Anchor Placement
1098,585.8666666666667,0,Anchor Placement
1099,586.4,0,Anchor Placement
1100,586.9333333333333,0,Anchor Placement
1101,587.4666666666667,0,Anchor Placement
1102,588.0,0,Anchor Placement
1103,588.5333333333333,0,Anchor Placement
1104,589.0666666666666,0,Anchor Placement
1105,589.6,0,Anchor Placement
1106,590.1333333333333,0,Anchor Placement
1107,590.6666666666666,0,Anchor Placement
1108,591.1999999999999,0,Anchor Placement
1109,591.7333333333333,0,Anchor Placement
1110,592.2666666666667,0,Anchor Placement
1111,592.8,0,Anchor Placement
1112,593.3333333333333,0,Anchor Placement
1113,593.8666666666667,0,Anchor Placement
1114,594.4,0,Anchor Placement
1115,594.9333333333333,0,Anchor Placement
1116,595.4666666666667,0,Anchor Placement
1117,596.0,0,Anchor Placement
1118,596.5333333333333,0,Anchor Placement
1119,597.0666666666666,0,Anchor Placement
1120,597.6,0,Anchor Placement
1121,598.1333333333333,7,Suture Passage
1122,598.6666666666666,7,Suture Passage
1123,599.1999999999999,7,Suture Passage
1124,599.7333333333333,7,Suture Passage
1125,600.2666666666667,7,Suture Passage
1126,600.8,7,Suture Passage
1127,601.3333333333333,7,Suture Passage
1128,601.8666666666667,7,Suture Passage
1129,602.4,7,Suture Passage
1130,602.9333333333333,7,Suture Passage
1131,603.4666666666667,7,Suture Passage
1132,604.0,7,Suture Passage
1133,604.5333333333333,7,Suture Passage
1134,605.0666666666666,7,Suture Passage
1135,605.6,7,Suture Passage
1136,606.1333333333333,7,Suture Passage
1137,606.6666666666666,7,Suture Passage
1138,607.1999999999999,7,Suture Passage
1139,607.7333333333333,7,Suture Passage
1140,608.2666666666667,7,Suture Passage
1141,608.8,7,Suture Passage
1142,609.3333333333333,7,Suture Passage
1143,609.8666666666667,7,Suture Passage
1144,610.4,7,Suture Passage
1145,610.9333333333333,7,Suture Passage
1146,611.4666666666667,7,Suture Passage
1147,612.0,7,Suture Passage
1148,612.5333333333333,7,Suture Passage
1149,613.0666666666666,7,Suture Passage
1150,613.6,7,Suture Passage
1151,614.1333333333333,7,Suture Passage
1152,614.6666666666666,7,Suture Passage
1153,615.1999999999999,7,Suture Passage
1154,615.7333333333333,7,Suture Passage
1155,616.2666666666667,7,Suture Passage
1156,616.8,7,Suture Passage
1157,617.3333333333333,7,Suture Passage
1158,617.8666666666667,7,Suture Passage
1159,618.4,7,Suture Passage
1160,618.9333333333333,7,Suture Passage
1161,619.4666666666667,7,Suture Passage
1162,620.0,7,Suture Passage
1163,620.5333333333333,7,Suture Passage
1164,621.0666666666666,7,Suture Passage
1165,621.6,7,Suture Passage
1166,622.1333333333333,7,Suture Passage
1167,622.6666666666666,7,Suture Passage
1168,623.1999999999999,7,Suture Passage
1169,623.7333333333333,7,Suture Passage
1170,624.2666666666667,7,Suture Passage
1171,624.8,7,Suture Passage
1172,625.3333333333333,7,Suture Passage
1173,625.8666666666667,7,Suture Passage
1174,626.4,7,Suture Passage
1175,626.9333333333333,7,Suture Passage
1176,627.4666666666667,7,Suture Passage
1177,628.0,7,Suture Passage
1178,628.5333333333333,7,Suture Passage
1179,629.0666666666666,7,Suture Passage
1180,629.6,7,Suture Passage
1181,630.1333333333333,7,Suture Passage
1182,630.6666666666666,7,Suture Passage
1183,631.1999999999999,7,Suture Passage
1184,631.7333333333333,7,Suture Passage
1185,632.2666666666667,7,Suture Passage
1186,632.8,7,Suture Passage
1187,633.3333333333333,7,Suture Passage
1188,633.8666666666667,7,Suture Passage
1189,634.4,7,Suture Passage
1190,634.9333333333333,7,Suture Passage
1191,635.4666666666667,7,Suture Passage
1192,636.0,7,Suture Passage
1193,636.5333333333333,7,Suture Passage
1194,637.0666666666666,7,Suture Passage
1195,637.6,7,Suture Passage
1196,638.1333333333333,7,Suture Passage
1197,638.6666666666666,7,Suture Passage
1198,639.1999999999999,7,Suture Passage
1199,639.7333333333333,7,Suture Passage
1200,640.2666666666667,7,Suture Passage
1201,640.8,7,Suture Passage
1202,641.3333333333333,7,Suture Passage
1203,641.8666666666667,7,Suture Passage
1204,642.4,7,Suture Passage
1205,642.9333333333333,7,Suture Passage
1206,643.4666666666667,7,Suture Passage
1207,644.0,7,Suture Passage
1208,644.5333333333333,7,Suture Passage
1209,645.0666666666666,7,Suture Passage
1210,645.6,7,Suture Passage
1211,646.1333333333333,7,Suture Passage
1212,646.6666666666666,7,Suture Passage
1213,647.1999999999999,7,Suture Passage
1214,647.7333333333333,7,Suture Passage
1215,648.2666666666667,7,Suture Passage
1216,648.8,7,Suture Passage
1217,649.3333333333333,7,Suture Passage
1218,649.8666666666667,7,Suture Passage
1219,650.4,7,Suture Passage
1220,650.9333333333333,7,Suture Passage
1221,651.4666666666667,7,Suture Passage
1222,652.0,7,Suture Passage
1223,652.5333333333333,7,Suture Passage
1224,653.0666666666666,7,Suture Passage
1225,653.6,7,Suture Passage
1226,654.1333333333333,7,Suture Passage
1227,654.6666666666666,7,Suture Passage
1228,655.1999999999999,7,Suture Passage
1229,655.7333333333333,7,Suture Passage
1230,656.2666666666667,7,Suture Passage
1231,656.8,7,Suture Passage
1232,657.3333333333333,7,Suture Passage
1233,657.8666666666667,7,Suture Passage
1234,658.4,7,Suture Passage
1235,658.9333333333333,7,Suture Passage
1236,659.4666666666667,7,Suture Passage
1237,660.0,7,Suture Passage
1238,660.5333333333333,7,Suture Passage
1239,661.0666666666666,7,Suture Passage
1240,661.6,7,Suture Passage
1241,662.1333333333333,7,Suture Passage
1242,662.6666666666666,7,Suture Passage
1243,663.1999999999999,7,Suture Passage
1244,663.7333333333333,7,Suture Passage
1245,664.2666666666667,7,Suture Passage
1246,664.8,7,Suture Passage
1247,665.3333333333333,7,Suture Passage
1248,665.8666666666667,7,Suture Passage
1249,666.4,7,Suture Passage
1250,666.9333333333333,7,Suture Passage
1251,667.4666666666667,7,Suture Passage
1252,668.0,7,Suture Passage
1253,668.5333333333333,7,Suture Passage
1254,669.0666666666666,7,Suture Passage
1255,669.6,7,Suture Passage
1256,670.1333333333333,7,Suture Passage
1257,670.6666666666666,7,Suture Passage
1258,671.1999999999999,7,Suture Passage
1259,671.7333333333333,7,Suture Passage
1260,672.2666666666667,7,Suture Passage
1261,672.8,7,Suture Passage
1262,673.3333333333333,7,Suture Passage
1263,673.8666666666667,7,Suture Passage
1264,674.4,7,Suture Passage
1265,674.9333333333333,7,Suture Passage
1266,675.4666666666667,7,Suture Passage
1267,676.0,7,Suture Passage
1268,676.5333333333333,7,Suture Passage
1269,677.0666666666666,7,Suture Passage
1270,677.6,7,Suture Passage
1271,678.1333333333333,7,Suture Passage
1272,678.6666666666666,7,Suture Passage
1273,679.1999999999999,7,Suture Passage
1274,679.7333333333333,7,Suture Passage
1275,680.2666666666667,7,Suture Passage
1276,680.8,7,Suture Passage
1277,681.3333333333333,7,Suture Passage
1278,681.8666666666667,7,Suture Passage
1279,682.4,7,Suture Passage
1280,682.9333333333333,7,Suture Passage
1281,683.4666666666667,7,Suture Passage
1282,684.0,7,Suture Passage
1283,684.5333333333333,7,Suture Passage
1284,685.0666666666666,7,Suture Passage
1285,685.6,7,Suture Passage
1286,686.1333333333333,7,Suture Passage
1287,686.6666666666666,7,Suture Passage
1288,687.1999999999999,7,Suture Passage
1289,687.7333333333333,7,Suture Passage
1290,688.2666666666667,7,Suture Passage
1291,688.8,7,Suture Passage
1292,689.3333333333333,7,Suture Passage
1293,689.8666666666667,7,Suture Passage
1294,690.4,7,Suture Passage
1295,690.9333333333333,7,Suture Passage
1296,691.4666666666667,7,Suture Passage
1297,692.0,7,Suture Passage
1298,692.5333333333333,7,Suture Passage
1299,693.0666666666666,7,Suture Passage
1300,693.6,7,Suture Passage
1301,694.1333333333333,7,Suture Passage
1302,694.6666666666666,7,Suture Passage
1303,695.1999999999999,7,Suture Passage
1304,695.7333333333333,7,Suture Passage
1305,696.2666666666667,7,Suture Passage
1306,696.8,7,Suture Passage
1307,697.3333333333333,7,Suture Passage
1308,697.8666666666667,7,Suture Passage
1309,698.4,7,Suture Passage
1310,698.9333333333333,7,Suture Passage
1311,699.4666666666667,7,Suture Passage
1312,700.0,7,Suture Passage
1313,700.5333333333333,7,Suture Passage
1314,701.0666666666666,7,Suture Passage
1315,701.6,7,Suture Passage
1316,702.1333333333333,7,Suture Passage
1317,702.6666666666666,7,Suture Passage
1318,703.1999999999999,7,Suture Passage
1319,703.7333333333333,7,Suture Passage
1320,704.2666666666667,7,Suture Passage
1321,704.8,7,Suture Passage
1322,705.3333333333333,7,Suture Passage
1323,705.8666666666667,7,Suture Passage
1324,706.4,7,Suture Passage
1325,706.9333333333333,7,Suture Passage
1326,707.4666666666667,7,Suture Passage
1327,708.0,7,Suture Passage
1328,708.5333333333333,7,Suture Passage
1329,709.0666666666666,7,Suture Passage
1330,709.6,7,Suture Passage
1331,710.1333333333333,7,Suture Passage
1332,710.6666666666666,7,Suture Passage
1333,711.1999999999999,7,Suture Passage
1334,711.7333333333333,7,Suture Passage
1335,712.2666666666667,7,Suture Passage
1336,712.8,7,Suture Passage
1337,713.3333333333333,7,Suture Passage
1338,713.8666666666667,7,Suture Passage
1339,714.4,7,Suture Passage
1340,714.9333333333333,7,Suture Passage
1341,715.4666666666667,7,Suture Passage
1342,716.0,7,Suture Passage
1343,716.5333333333333,7,Suture Passage
1344,717.0666666666666,7,Suture Passage
1345,717.6,7,Suture Passage
1346,718.1333333333333,7,Suture Passage
1347,718.6666666666666,7,Suture Passage
1348,719.1999999999999,7,Suture Passage
1349,719.7333333333333,7,Suture Passage
1350,720.2666666666667,7,Suture Passage
1351,720.8,7,Suture Passage
1352,721.3333333333333,7,Suture Passage
1353,721.8666666666667,7,Suture Passage
1354,722.4,7,Suture Passage
1355,722.9333333333333,7,Suture Passage
1356,723.4666666666667,7,Suture Passage
1357,724.0,7,Suture Passage
1358,724.5333333333333,7,Suture Passage
1359,725.0666666666666,7,Suture Passage
1360,725.6,7,Suture Passage
1361,726.1333333333333,7,Suture Passage
1362,726.6666666666666,7,Suture Passage
1363,727.1999999999999,7,Suture Passage
1364,727.7333333333333,7,Suture Passage
1365,728.2666666666667,7,Suture Passage
1366,728.8,8,Suture Tensioning
1367,729.3333333333333,8,Suture Tensioning
1368,729.8666666666667,8,Suture Tensioning
1369,730.4,8,Suture Tensioning
1370,730.9333333333333,8,Suture Tensioning
1371,731.4666666666667,8,Suture Tensioning
1372,732.0,8,Suture Tensioning
1373,732.5333333333333,8,Suture Tensioning
1374,733.0666666666666,8,Suture Tensioning
1375,733.6,8,Suture Tensioning
1376,734.1333333333333,8,Suture Tensioning
1377,734.6666666666666,8,Suture Tensioning
1378,735.1999999999999,8,Suture Tensioning
1379,735.7333333333333,8,Suture Tensioning
1380,736.2666666666667,8,Suture Tensioning
1381,736.8,8,Suture Tensioning
1382,737.3333333333333,8,Suture Tensioning
1383,737.8666666666667,8,Suture Tensioning
1384,738.4,8,Suture Tensioning
1385,738.9333333333333,8,Suture Tensioning
1386,739.4666666666667,8,Suture Tensioning
1387,740.0,8,Suture Tensioning
1388,740.5333333333333,8,Suture Tensioning
1389,741.0666666666666,8,Suture Tensioning
1390,741.6,8,Suture Tensioning
1391,742.1333333333333,8,Suture Tensioning
1392,742.6666666666666,8,Suture Tensioning
1393,743.1999999999999,8,Suture Tensioning
1394,743.7333333333333,8,Suture Tensioning
1395,744.2666666666667,8,Suture Tensioning
1396,744.8,8,Suture Tensioning
1397,745.3333333333333,8,Suture Tensioning
1398,745.8666666666667,8,Suture Tensioning
1399,746.4,8,Suture Tensioning
1400,746.9333333333333,8,Suture Tensioning
1401,747.4666666666667,8,Suture Tensioning
1402,748.0,8,Suture Tensioning
1403,748.5333333333333,8,Suture Tensioning
1404,749.0666666666666,8,Suture Tensioning
1405,749.6,8,Suture Tensioning
1406,750.1333333333333,8,Suture Tensioning
1407,750.6666666666666,8,Suture Tensioning
1408,751.1999999999999,8,Suture Tensioning
1409,751.7333333333333,8,Suture Tensioning
1410,752.2666666666667,8,Suture Tensioning
1411,752.8,8,Suture Tensioning
1412,753.3333333333333,8,Suture Tensioning
1413,753.8666666666667,8,Suture Tensioning
1414,754.4,8,Suture Tensioning
1415,754.9333333333333,8,Suture Tensioning
1416,755.4666666666667,8,Suture Tensioning
1417,756.0,8,Suture Tensioning
1418,756.5333333333333,8,Suture Tensioning
1419,757.0666666666666,8,Suture Tensioning
1420,757.6,8,Suture Tensioning
1421,758.1333333333333,8,Suture Tensioning
1422,758.6666666666666,8,Suture Tensioning
1423,759.1999999999999,8,Suture Tensioning
1424,759.7333333333333,8,Suture Tensioning
1425,760.2666666666667,8,Suture Tensioning
1426,760.8,8,Suture Tensioning
1427,761.3333333333333,8,Suture Tensioning
1428,761.8666666666667,8,Suture Tensioning
1429,762.4,8,Suture Tensioning
1430,762.9333333333333,8,Suture Tensioning
1431,763.4666666666667,8,Suture Tensioning
1432,764.0,8,Suture Tensioning
1433,764.5333333333333,8,Suture Tensioning
1434,765.0666666666666,8,Suture Tensioning
1435,765.6,8,Suture Tensioning
1436,766.1333333333333,8,Suture Tensioning
1437,766.6666666666666,8,Suture Tensioning
1438,767.1999999999999,8,Suture Tensioning
1439,767.7333333333333,8,Suture Tensioning
1440,768.2666666666667,8,Suture Tensioning
1441,768.8,8,Suture Tensioning
1442,769.3333333333333,8,Suture Tensioning
1443,769.8666666666667,8,Suture Tensioning
1444,770.4,8,Suture Tensioning
1445,770.9333333333333,8,Suture Tensioning
1446,771.4666666666667,8,Suture Tensioning
1447,772.0,8,Suture Tensioning
1448,772.5333333333333,8,Suture Tensioning
1449,773.0666666666666,8,Suture Tensioning
1450,773.6,8,Suture Tensioning
1451,774.1333333333333,8,Suture Tensioning
1452,774.6666666666666,8,Suture Tensioning
1453,775.1999999999999,8,Suture Tensioning
1454,775.7333333333333,8,Suture Tensioning
1455,776.2666666666667,8,Suture Tensioning
1456,776.8,8,Suture Tensioning
1457,777.3333333333333,8,Suture Tensioning
1458,777.8666666666667,8,Suture Tensioning
1459,778.4,8,Suture Tensioning
1460,778.9333333333333,8,Suture Tensioning
1461,779.4666666666667,8,Suture Tensioning
1462,780.0,8,Suture Tensioning
1463,780.5333333333333,8,Suture Tensioning
1464,781.0666666666666,8,Suture Tensioning
1465,781.6,8,Suture Tensioning
1466,782.1333333333333,8,Suture Tensioning
1467,782.6666666666666,8,Suture Tensioning
1468,783.1999999999999,8,Suture Tensioning
1469,783.7333333333333,8,Suture Tensioning
1470,784.2666666666667,8,Suture Tensioning
1471,784.8,8,Suture Tensioning
1472,785.3333333333333,8,Suture Tensioning
1473,785.8666666666667,8,Suture Tensioning
1474,786.4,8,Suture Tensioning
1475,786.9333333333333,8,Suture Tensioning
1476,787.4666666666667,8,Suture Tensioning
1477,788.0,8,Suture Tensioning
1478,788.5333333333333,8,Suture Tensioning
1479,789.0666666666666,8,Suture Tensioning
1480,789.6,8,Suture Tensioning
1481,790.1333333333333,8,Suture Tensioning
1482,790.6666666666666,8,Suture Tensioning
1483,791.1999999999999,8,Suture Tensioning
1484,791.7333333333333,8,Suture Tensioning
1485,792.2666666666667,8,Suture Tensioning
1486,792.8,8,Suture Tensioning
1487,793.3333333333333,8,Suture Tensioning
1488,793.8666666666667,8,Suture Tensioning
1489,794.4,8,Suture Tensioning
1490,794.9333333333333,8,Suture Tensioning
1491,795.4666666666667,8,Suture Tensioning
1492,796.0,8,Suture Tensioning
1493,796.5333333333333,8,Suture Tensioning
1494,797.0666666666666,8,Suture Tensioning
1495,797.6,8,Suture Tensioning
1496,798.1333333333333,8,Suture Tensioning
1497,798.6666666666666,8,Suture Tensioning
1498,799.1999999999999,8,Suture Tensioning
1499,799.7333333333333,8,Suture Tensioning
1500,800.2666666666667,8,Suture Tensioning
1501,800.8,8,Suture Tensioning
1502,801.3333333333333,8,Suture Tensioning
1503,801.8666666666667,8,Suture Tensioning
1504,802.4,8,Suture Tensioning
1505,802.9333333333333,8,Suture Tensioning
1506,803.4666666666667,8,Suture Tensioning
1507,804.0,0,Anchor Placement
1508,804.5333333333333,0,Anchor Placement
1509,805.0666666666666,0,Anchor Placement
1510,805.6,0,Anchor Placement
1511,806.1333333333333,0,Anchor Placement
1512,806.6666666666666,0,Anchor Placement
1513,807.1999999999999,0,Anchor Placement
1514,807.7333333333333,0,Anchor Placement
1515,808.2666666666667,0,Anchor Placement
1516,808.8,0,Anchor Placement
1517,809.3333333333333,0,Anchor Placement
1518,809.8666666666667,0,Anchor Placement
1519,810.4,0,Anchor Placement
1520,810.9333333333333,0,Anchor Placement
1521,811.4666666666667,0,Anchor Placement
1522,812.0,0,Anchor Placement
1523,812.5333333333333,0,Anchor Placement
1524,813.0666666666666,0,Anchor Placement
1525,813.6,0,Anchor Placement
1526,814.1333333333333,0,Anchor Placement
1527,814.6666666666666,0,Anchor Placement
1528,815.1999999999999,0,Anchor Placement
1529,815.7333333333333,0,Anchor Placement
1530,816.2666666666667,0,Anchor Placement
1531,816.8,0,Anchor Placement
1532,817.3333333333333,0,Anchor Placement
1533,817.8666666666667,0,Anchor Placement
1534,818.4,0,Anchor Placement
1535,818.9333333333333,0,Anchor Placement
1536,819.4666666666667,0,Anchor Placement
1537,820.0,0,Anchor Placement
1538,820.5333333333333,0,Anchor Placement
1539,821.0666666666666,0,Anchor Placement
1540,821.6,0,Anchor Placement
1541,822.1333333333333,0,Anchor Placement
1542,822.6666666666666,0,Anchor Placement
1543,823.1999999999999,0,Anchor Placement
1544,823.7333333333333,0,Anchor Placement
1545,824.2666666666667,0,Anchor Placement
1546,824.8,0,Anchor Placement
1547,825.3333333333333,0,Anchor Placement
1548,825.8666666666667,0,Anchor Placement
1549,826.4,0,Anchor Placement
1550,826.9333333333333,0,Anchor Placement
1551,827.4666666666666,0,Anchor Placement
1552,828.0,0,Anchor Placement
1553,828.5333333333333,0,Anchor Placement
1554,829.0666666666666,0,Anchor Placement
1555,829.6,0,Anchor Placement
1556,830.1333333333333,0,Anchor Placement
1557,830.6666666666666,0,Anchor Placement
1558,831.1999999999999,0,Anchor Placement
1559,831.7333333333333,0,Anchor Placement
1560,832.2666666666667,0,Anchor Placement
1561,832.8,0,Anchor Placement
1562,833.3333333333333,0,Anchor Placement
1563,833.8666666666667,0,Anchor Placement
1564,834.4,0,Anchor Placement
1565,834.9333333333333,0,Anchor Placement
1566,835.4666666666666,0,Anchor Placement
1567,836.0,0,Anchor Placement
1568,836.5333333333333,0,Anchor Placement
1569,837.0666666666666,0,Anchor Placement
1570,837.6,0,Anchor Placement
1571,838.1333333333333,0,Anchor Placement
1572,838.6666666666666,0,Anchor Placement
1573,839.1999999999999,0,Anchor Placement
1574,839.7333333333333,0,Anchor Placement
1575,840.2666666666667,0,Anchor Placement
1576,840.8,0,Anchor Placement
1577,841.3333333333333,0,Anchor Placement
1578,841.8666666666667,0,Anchor Placement
1579,842.4,0,Anchor Placement
1580,842.9333333333333,0,Anchor Placement
1581,843.4666666666666,0,Anchor Placement
1582,844.0,0,Anchor Placement
1583,844.5333333333333,0,Anchor Placement
1584,845.0666666666666,0,Anchor Placement
1585,845.6,0,Anchor Placement
1586,846.1333333333333,0,Anchor Placement
1587,846.6666666666666,0,Anchor Placement
1588,847.1999999999999,0,Anchor Placement
1589,847.7333333333333,0,Anchor Placement
1590,848.2666666666667,0,Anchor Placement
1591,848.8,0,Anchor Placement
1592,849.3333333333333,0,Anchor Placement
1593,849.8666666666667,0,Anchor Placement
1594,850.4,0,Anchor Placement
1595,850.9333333333333,0,Anchor Placement
1596,851.4666666666666,0,Anchor Placement
1597,852.0,0,Anchor Placement
1598,852.5333333333333,0,Anchor Placement
1599,853.0666666666666,0,Anchor Placement
1600,853.6,0,Anchor Placement
1601,854.1333333333333,0,Anchor Placement
1602,854.6666666666666,0,Anchor Placement
1603,855.1999999999999,0,Anchor Placement
1604,855.7333333333333,0,Anchor Placement
1605,856.2666666666667,0,Anchor Placement
1606,856.8,0,Anchor Placement
1607,857.3333333333333,0,Anchor Placement
1608,857.8666666666667,0,Anchor Placement
1609,858.4,0,Anchor Placement
1610,858.9333333333333,0,Anchor Placement
1611,859.4666666666666,0,Anchor Placement
1612,860.0,0,Anchor Placement
1613,860.5333333333333,0,Anchor Placement
1614,861.0666666666666,0,Anchor Placement
1615,861.6,0,Anchor Placement
1616,862.1333333333333,0,Anchor Placement
1617,862.6666666666666,0,Anchor Placement
1618,863.1999999999999,0,Anchor Placement
1619,863.7333333333333,0,Anchor Placement
1620,864.2666666666667,0,Anchor Placement
1621,864.8,0,Anchor Placement
1622,865.3333333333333,0,Anchor Placement
1623,865.8666666666667,7,Suture Passage
1624,866.4,7,Suture Passage
1625,866.9333333333333,7,Suture Passage
1626,867.4666666666666,7,Suture Passage
1627,868.0,7,Suture Passage
1628,868.5333333333333,7,Suture Passage
1629,869.0666666666666,7,Suture Passage
1630,869.6,7,Suture Passage
1631,870.1333333333333,7,Suture Passage
1632,870.6666666666666,7,Suture Passage
1633,871.1999999999999,7,Suture Passage
1634,871.7333333333333,7,Suture Passage
1635,872.2666666666667,7,Suture Passage
1636,872.8,7,Suture Passage
1637,873.3333333333333,7,Suture Passage
1638,873.8666666666667,7,Suture Passage
1639,874.4,7,Suture Passage
1640,874.9333333333333,7,Suture Passage
1641,875.4666666666666,7,Suture Passage
1642,876.0,7,Suture Passage
1643,876.5333333333333,7,Suture Passage
1644,877.0666666666666,7,Suture Passage
1645,877.6,7,Suture Passage
1646,878.1333333333333,7,Suture Passage
1647,878.6666666666666,7,Suture Passage
1648,879.1999999999999,7,Suture Passage
1649,879.7333333333333,7,Suture Passage
1650,880.2666666666667,7,Suture Passage
1651,880.8,7,Suture Passage
1652,881.3333333333333,7,Suture Passage
1653,881.8666666666667,7,Suture Passage
1654,882.4,7,Suture Passage
1655,882.9333333333333,7,Suture Passage
1656,883.4666666666666,7,Suture Passage
1657,884.0,7,Suture Passage
1658,884.5333333333333,7,Suture Passage
1659,885.0666666666666,7,Suture Passage
1660,885.6,7,Suture Passage
1661,886.1333333333333,7,Suture Passage
1662,886.6666666666666,7,Suture Passage
1663,887.1999999999999,7,Suture Passage
1664,887.7333333333333,7,Suture Passage
1665,888.2666666666667,7,Suture Passage
1666,888.8,7,Suture Passage
1667,889.3333333333333,7,Suture Passage
1668,889.8666666666667,7,Suture Passage
1669,890.4,7,Suture Passage
1670,890.9333333333333,7,Suture Passage
1671,891.4666666666666,7,Suture Passage
1672,892.0,7,Suture Passage
1673,892.5333333333333,7,Suture Passage
1674,893.0666666666666,7,Suture Passage
1675,893.6,7,Suture Passage
1676,894.1333333333333,7,Suture Passage
1677,894.6666666666666,7,Suture Passage
1678,895.1999999999999,7,Suture Passage
1679,895.7333333333333,7,Suture Passage
1680,896.2666666666667,7,Suture Passage
1681,896.8,7,Suture Passage
1682,897.3333333333333,7,Suture Passage
1683,897.8666666666667,7,Suture Passage
1684,898.4,7,Suture Passage
1685,898.9333333333333,7,Suture Passage
1686,899.4666666666666,7,Suture Passage
1687,900.0,7,Suture Passage
1688,900.5333333333333,7,Suture Passage
1689,901.0666666666666,7,Suture Passage
1690,901.6,7,Suture Passage
1691,902.1333333333333,7,Suture Passage
1692,902.6666666666666,7,Suture Passage
1693,903.1999999999999,7,Suture Passage
1694,903.7333333333333,7,Suture Passage
1695,904.2666666666667,7,Suture Passage
1696,904.8,7,Suture Passage
1697,905.3333333333333,7,Suture Passage
1698,905.8666666666667,7,Suture Passage
1699,906.4,7,Suture Passage
1700,906.9333333333333,7,Suture Passage
1701,907.4666666666666,7,Suture Passage
1702,908.0,7,Suture Passage
1703,908.5333333333333,7,Suture Passage
1704,909.0666666666666,7,Suture Passage
1705,909.6,7,Suture Passage
1706,910.1333333333333,7,Suture Passage
1707,910.6666666666666,7,Suture Passage
1708,911.1999999999999,7,Suture Passage
1709,911.7333333333333,7,Suture Passage
1710,912.2666666666667,7,Suture Passage
1711,912.8,7,Suture Passage
1712,913.3333333333333,7,Suture Passage
1713,913.8666666666667,7,Suture Passage
1714,914.4,7,Suture Passage
1715,914.9333333333333,7,Suture Passage
1716,915.4666666666666,7,Suture Passage
1717,916.0,7,Suture Passage
1718,916.5333333333333,7,Suture Passage
1719,917.0666666666666,7,Suture Passage
1720,917.6,7,Suture Passage
1721,918.1333333333333,7,Suture Passage
1722,918.6666666666666,7,Suture Passage
1723,919.1999999999999,7,Suture Passage
1724,919.7333333333333,7,Suture Passage
1725,920.2666666666667,7,Suture Passage
1726,920.8,7,Suture Passage
1727,921.3333333333333,7,Suture Passage
1728,921.8666666666667,7,Suture Passage
1729,922.4,7,Suture Passage
1730,922.9333333333333,7,Suture Passage
1731,923.4666666666666,7,Suture Passage
1732,924.0,7,Suture Passage
1733,924.5333333333333,7,Suture Passage
1734,925.0666666666666,7,Suture Passage
1735,925.6,7,Suture Passage
1736,926.1333333333333,7,Suture Passage
1737,926.6666666666666,7,Suture Passage
1738,927.1999999999999,7,Suture Passage
1739,927.7333333333333,7,Suture Passage
1740,928.2666666666667,7,Suture Passage
1741,928.8,7,Suture Passage
1742,929.3333333333333,7,Suture Passage
1743,929.8666666666667,7,Suture Passage
1744,930.4,7,Suture Passage
1745,930.9333333333333,7,Suture Passage
1746,931.4666666666666,7,Suture Passage
1747,932.0,7,Suture Passage
1748,932.5333333333333,7,Suture Passage
1749,933.0666666666666,7,Suture Passage
1750,933.6,7,Suture Passage
1751,934.1333333333333,7,Suture Passage
1752,934.6666666666666,7,Suture Passage
1753,935.1999999999999,7,Suture Passage
1754,935.7333333333333,7,Suture Passage
1755,936.2666666666667,7,Suture Passage
1756,936.8,7,Suture Passage
1757,937.3333333333333,7,Suture Passage
1758,937.8666666666667,7,Suture Passage
1759,938.4,7,Suture Passage
1760,938.9333333333333,7,Suture Passage
1761,939.4666666666666,7,Suture Passage
1762,940.0,7,Suture Passage
1763,940.5333333333333,7,Suture Passage
1764,941.0666666666666,7,Suture Passage
1765,941.6,7,Suture Passage
1766,942.1333333333333,7,Suture Passage
1767,942.6666666666666,7,Suture Passage
1768,943.1999999999999,7,Suture Passage
1769,943.7333333333333,7,Suture Passage
1770,944.2666666666667,7,Suture Passage
1771,944.8,7,Suture Passage
1772,945.3333333333333,7,Suture Passage
1773,945.8666666666667,7,Suture Passage
1774,946.4,7,Suture Passage
1775,946.9333333333333,7,Suture Passage
1776,947.4666666666666,7,Suture Passage
1777,948.0,7,Suture Passage
1778,948.5333333333333,7,Suture Passage
1779,949.0666666666666,7,Suture Passage
1780,949.6,7,Suture Passage
1781,950.1333333333333,7,Suture Passage
1782,950.6666666666666,7,Suture Passage
1783,951.1999999999999,7,Suture Passage
1784,951.7333333333333,7,Suture Passage
1785,952.2666666666667,7,Suture Passage
1786,952.8,7,Suture Passage
1787,953.3333333333333,7,Suture Passage
1788,953.8666666666667,7,Suture Passage
1789,954.4,7,Suture Passage
1790,954.9333333333333,7,Suture Passage
1791,955.4666666666666,7,Suture Passage
1792,956.0,7,Suture Passage
1793,956.5333333333333,7,Suture Passage
1794,957.0666666666666,7,Suture Passage
1795,957.6,7,Suture Passage
1796,958.1333333333333,7,Suture Passage
1797,958.6666666666666,7,Suture Passage
1798,959.1999999999999,7,Suture Passage
1799,959.7333333333333,7,Suture Passage
1800,960.2666666666667,7,Suture Passage
1801,960.8,7,Suture Passage
1802,961.3333333333333,7,Suture Passage
1803,961.8666666666667,7,Suture Passage
1804,962.4,7,Suture Passage
1805,962.9333333333333,7,Suture Passage
1806,963.4666666666666,7,Suture Passage
1807,964.0,7,Suture Passage
1808,964.5333333333333,7,Suture Passage
1809,965.0666666666666,7,Suture Passage
1810,965.6,7,Suture Passage
1811,966.1333333333333,7,Suture Passage
1812,966.6666666666666,7,Suture Passage
1813,967.1999999999999,7,Suture Passage
1814,967.7333333333333,7,Suture Passage
1815,968.2666666666667,7,Suture Passage
1816,968.8,7,Suture Passage
1817,969.3333333333333,8,Suture Tensioning
1818,969.8666666666667,8,Suture Tensioning
1819,970.4,8,Suture Tensioning
1820,970.9333333333333,8,Suture Tensioning
1821,971.4666666666666,8,Suture Tensioning
1822,972.0,8,Suture Tensioning
1823,972.5333333333333,8,Suture Tensioning
1824,973.0666666666666,8,Suture Tensioning
1825,973.6,8,Suture Tensioning
1826,974.1333333333333,8,Suture Tensioning
1827,974.6666666666666,8,Suture Tensioning
1828,975.1999999999999,8,Suture Tensioning
1829,975.7333333333333,8,Suture Tensioning
1830,976.2666666666667,8,Suture Tensioning
1831,976.8,8,Suture Tensioning
1832,977.3333333333333,8,Suture Tensioning
1833,977.8666666666667,8,Suture Tensioning
1834,978.4,8,Suture Tensioning
1835,978.9333333333333,8,Suture Tensioning
1836,979.4666666666666,8,Suture Tensioning
1837,980.0,8,Suture Tensioning
1838,980.5333333333333,8,Suture Tensioning
1839,981.0666666666666,8,Suture Tensioning
1840,981.6,8,Suture Tensioning
1841,982.1333333333333,8,Suture Tensioning
1842,982.6666666666666,8,Suture Tensioning
1843,983.1999999999999,8,Suture Tensioning
1844,983.7333333333333,8,Suture Tensioning
1845,984.2666666666667,8,Suture Tensioning
1846,984.8,8,Suture Tensioning
1847,985.3333333333333,8,Suture Tensioning
1848,985.8666666666667,8,Suture Tensioning
1849,986.4,8,Suture Tensioning
1850,986.9333333333333,8,Suture Tensioning
1851,987.4666666666666,8,Suture Tensioning
1852,988.0,8,Suture Tensioning
1853,988.5333333333333,8,Suture Tensioning
1854,989.0666666666666,8,Suture Tensioning
1855,989.6,8,Suture Tensioning
1856,990.1333333333333,8,Suture Tensioning
1857,990.6666666666666,8,Suture Tensioning
1858,991.1999999999999,8,Suture Tensioning
1859,991.7333333333333,8,Suture Tensioning
1860,992.2666666666667,8,Suture Tensioning
1861,992.8,8,Suture Tensioning
1862,993.3333333333333,8,Suture Tensioning
1863,993.8666666666667,8,Suture Tensioning
1864,994.4,8,Suture Tensioning
1865,994.9333333333333,8,Suture Tensioning
1866,995.4666666666666,8,Suture Tensioning
1867,996.0,8,Suture Tensioning
1868,996.5333333333333,8,Suture Tensioning
1869,997.0666666666666,8,Suture Tensioning
1870,997.6,8,Suture Tensioning
1871,998.1333333333333,8,Suture Tensioning
1872,998.6666666666666,8,Suture Tensioning
1873,999.1999999999999,8,Suture Tensioning
1874,999.7333333333333,8,Suture Tensioning
1875,1000.2666666666667,8,Suture Tensioning
1876,1000.8,2,Final Inspection
1877,1001.3333333333333,2,Final Inspection
1878,1001.8666666666667,2,Final Inspection
1879,1002.4,2,Final Inspection
1880,1002.9333333333333,2,Final Inspection
1881,1003.4666666666666,2,Final Inspection
1882,1004.0,2,Final Inspection
1883,1004.5333333333333,2,Final Inspection
1884,1005.0666666666666,2,Final Inspection
1885,1005.6,2,Final Inspection
1886,1006.1333333333333,2,Final Inspection
1887,1006.6666666666666,2,Final Inspection
1888,1007.1999999999999,2,Final Inspection
1889,1007.7333333333333,2,Final Inspection
1890,1008.2666666666667,2,Final Inspection
1891,1008.8,2,Final Inspection
1892,1009.3333333333333,2,Final Inspection
1893,1009.8666666666667,2,Final Inspection
1894,1010.4,2,Final Inspection
1895,1010.9333333333333,2,Final Inspection
1896,1011.4666666666666,2,Final Inspection
1897,1012.0,2,Final Inspection
1898,1012.5333333333333,2,Final Inspection
1899,1013.0666666666666,2,Final Inspection
1900,1013.6,2,Final Inspection
1901,1014.1333333333333,2,Final Inspection
1902,1014.6666666666666,2,Final Inspection
1903,1015.1999999999999,2,Final Inspection
1904,1015.7333333333333,2,Final Inspection
1905,1016.2666666666667,2,Final Inspection
1906,1016.8,2,Final Inspection
1907,1017.3333333333333,2,Final Inspection
1908,1017.8666666666667,2,Final Inspection
1909,1018.4,2,Final Inspection
1910,1018.9333333333333,2,Final Inspection
1911,1019.4666666666666,2,Final Inspection
1912,1020.0,2,Final Inspection
1913,1020.5333333333333,2,Final Inspection
1914,1021.0666666666666,2,Final Inspection
1915,1021.6,2,Final Inspection
1916,1022.1333333333333,2,Final Inspection
1917,1022.6666666666666,2,Final Inspection
1918,1023.1999999999999,2,Final Inspection
1919,1023.7333333333333,2,Final Inspection
1920,1024.2666666666667,2,Final Inspection
1921,1024.8,2,Final Inspection
1922,1025.3333333333333,2,Final Inspection
1923,1025.8666666666666,2,Final Inspection
1924,1026.3999999999999,2,Final Inspection
1925,1026.9333333333334,2,Final Inspection
1926,1027.4666666666667,2,Final Inspection
1927,1028.0,2,Final Inspection
1928,1028.5333333333333,2,Final Inspection
1929,1029.0666666666666,2,Final Inspection
1930,1029.6,2,Final Inspection
1931,1030.1333333333332,2,Final Inspection
1932,1030.6666666666667,2,Final Inspection
1933,1031.2,2,Final Inspection
1934,1031.7333333333333,2,Final Inspection
1935,1032.2666666666667,2,Final Inspection
1936,1032.8,2,Final Inspection
1937,1033.3333333333333,2,Final Inspection
1938,1033.8666666666666,2,Final Inspection
1939,1034.3999999999999,2,Final Inspection
1940,1034.9333333333334,2,Final Inspection
1941,1035.4666666666667,2,Final Inspection
1942,1036.0,2,Final Inspection
1943,1036.5333333333333,2,Final Inspection
1944,1037.0666666666666,2,Final Inspection
1945,1037.6,2,Final Inspection
1946,1038.1333333333332,2,Final Inspection
1947,1038.6666666666667,2,Final Inspection
1948,1039.2,2,Final Inspection
1949,1039.7333333333333,2,Final Inspection
1950,1040.2666666666667,2,Final Inspection
1951,1040.8,2,Final Inspection
1952,1041.3333333333333,2,Final Inspection
1953,1041.8666666666666,2,Final Inspection
1954,1042.3999999999999,2,Final Inspection
1955,1042.9333333333334,2,Final Inspection
1956,1043.4666666666667,2,Final Inspection
1957,1044.0,2,Final Inspection
1958,1044.5333333333333,2,Final Inspection
1959,1045.0666666666666,2,Final Inspection
1960,1045.6,2,Final Inspection
1961,1046.1333333333332,2,Final Inspection
1962,1046.6666666666667,2,Final Inspection
1963,1047.2,2,Final Inspection
1964,1047.7333333333333,2,Final Inspection
1965,1048.2666666666667,2,Final Inspection
1966,1048.8,2,Final Inspection
1967,1049.3333333333333,2,Final Inspection
1968,1049.8666666666666,2,Final Inspection
1969,1050.3999999999999,2,Final Inspection
1970,1050.9333333333334,2,Final Inspection
1971,1051.4666666666667,2,Final Inspection
1972,1052.0,2,Final Inspection
1973,1052.5333333333333,8,Suture Tensioning
1974,1053.0666666666666,8,Suture Tensioning
1975,1053.6,8,Suture Tensioning
1976,1054.1333333333332,8,Suture Tensioning
1977,1054.6666666666667,8,Suture Tensioning
1978,1055.2,0,Anchor Placement
1979,1055.7333333333333,0,Anchor Placement
1980,1056.2666666666667,0,Anchor Placement
1981,1056.8,0,Anchor Placement
1982,1057.3333333333333,0,Anchor Placement
1983,1057.8666666666666,0,Anchor Placement
1984,1058.3999999999999,0,Anchor Placement
1985,1058.9333333333334,0,Anchor Placement
1986,1059.4666666666667,0,Anchor Placement
1987,1060.0,0,Anchor Placement
1988,1060.5333333333333,0,Anchor Placement
1989,1061.0666666666666,0,Anchor Placement
1990,1061.6,0,Anchor Placement
1991,1062.1333333333332,0,Anchor Placement
1992,1062.6666666666667,0,Anchor Placement
1993,1063.2,0,Anchor Placement
1994,1063.7333333333333,0,Anchor Placement
1995,1064.2666666666667,0,Anchor Placement
1996,1064.8,0,Anchor Placement
1997,1065.3333333333333,0,Anchor Placement
1998,1065.8666666666666,0,Anchor Placement
1999,1066.3999999999999,0,Anchor Placement
2000,1066.9333333333334,0,Anchor Placement
2001,1067.4666666666667,0,Anchor Placement
2002,1068.0,0,Anchor Placement
2003,1068.5333333333333,0,Anchor Placement
2004,1069.0666666666666,0,Anchor Placement
2005,1069.6,0,Anchor Placement
2006,1070.1333333333332,0,Anchor Placement
2007,1070.6666666666667,0,Anchor Placement
2008,1071.2,0,Anchor Placement
2009,1071.7333333333333,0,Anchor Placement
2010,1072.2666666666667,0,Anchor Placement
2011,1072.8,0,Anchor Placement
